y,ID
77.12947,1
90.56037,2
78.13808,3
77.202896,4
111.763664,5
89.01163,8
110.47063,10
90.450874,11
115.1801,12
89.79792,14
115.340836,15
102.58305,16
92.26682,17
88.644806,19
103.74113,20
91.147705,21
115.08547,22
92.26682,23
92.18575,26
89.9766,28
92.26682,29
92.26682,33
89.81473,35
95.73451,41
93.79326,42
115.18248,43
101.75192,45
104.18587,46
95.43862,51
78.8478,53
114.04064,55
94.81982,56
103.43112,57
94.28166,58
103.83377,59
113.03021,63
94.76864,64
105.8541,65
93.51676,69
93.58471,71
104.110214,72
95.64137,73
104.46004,76
105.064476,77
116.84296,78
94.53464,82
105.8541,83
96.357864,84
102.39344,85
113.240944,87
95.73451,88
114.02017,89
94.01947,91
94.889534,93
104.426765,94
93.56572,95
112.02855,96
92.601036,97
113.78041,98
95.09961,99
104.56489,101
114.02017,103
91.21556,104
110.83132,105
95.65508,110
112.3363,111
112.15632,113
92.646774,114
112.79367,115
114.02017,117
91.59458,120
112.66649,121
92.34415,122
112.35204,123
115.11321,126
113.837166,132
106.26286,135
104.772224,137
93.94619,138
94.584595,140
113.92164,142
113.86176,144
92.60697,148
112.43247,149
93.69941,155
112.099434,156
92.601036,157
112.47101,162
94.48445,163
93.88101,167
115.18248,172
113.36306,179
92.17192,180
111.20849,181
95.57159,182
114.02017,183
114.02017,185
113.58081,187
93.96709,188
96.33128,189
94.023575,191
113.161385,192
96.27203,193
113.675354,194
93.53425,195
112.655106,196
96.79047,198
113.302,199
105.8541,201
93.76992,204
104.60611,205
98.06948,206
96.45842,210
104.56489,211
112.584175,216
117.16563,219
93.83669,220
112.923035,221
111.20849,226
94.72987,227
113.113,228
113.68989,230
92.601036,231
116.939476,235
95.083244,236
111.93755,238
104.6369,242
94.71659,243
78.6523,244
114.37441,245
113.16588,247
93.25441,248
93.90341,249
113.185524,250
95.083244,251
116.939476,253
92.140724,254
96.26198,256
92.515236,257
112.11023,258
95.31897,259
78.26798,262
95.3121,266
113.20471,267
103.647736,272
114.02017,273
91.57083,275
112.38048,276
95.89387,279
105.8541,280
92.77669,283
113.19408,285
114.02017,288
98.54127,289
105.8541,290
96.35531,291
112.18626,292
113.56857,293
90.69445,296
113.308235,297
116.6575,298
94.53464,299
91.571526,304
104.344124,305
93.41565,306
111.54149,307
105.34442,311
111.38859,313
92.6344,314
96.531204,316
98.08527,324
98.02532,327
91.10149,329
113.98899,330
107.334045,337
96.07795,338
106.604614,339
95.4716,340
91.97385,343
117.32636,345
93.47149,346
113.305016,347
115.747505,349
93.10755,350
112.694405,352
91.288734,353
79.28941,354
94.712746,357
114.70118,358
113.10689,362
114.7075,364
104.16659,365
95.85012,366
113.04401,367
93.97572,368
80.64172,370
92.84657,373
92.93645,377
113.238304,378
104.46004,382
113.113,384
94.37927,390
112.67284,392
112.63955,393
94.829704,395
108.40037,396
78.714645,399
111.38859,406
111.38859,408
92.85709,409
77.966,410
113.2193,412
92.10933,413
93.8644,419
112.26449,420
92.5615,421
97.73263,430
96.2061,434
94.792564,436
94.12984,437
91.98459,438
111.788345,439
96.323364,440
113.57701,443
93.646286,446
94.993256,448
96.038475,452
103.89185,453
105.8541,457
94.95614,458
114.11215,459
104.54136,460
105.58731,462
104.01827,464
117.16563,465
113.42523,467
112.85307,471
78.53495,472
93.4134,473
93.646286,475
94.9564,480
113.817444,488
111.54149,490
104.805595,491
80.54443,492
95.27452,493
93.23798,497
112.40642,498
94.478676,499
104.524216,500
95.319336,501
111.562935,502
80.175995,506
112.574486,510
95.555435,511
90.796234,512
94.099075,516
92.88863,518
113.55785,519
93.76761,521
113.51688,522
113.05999,526
98.15368,529
113.48194,532
95.46212,533
112.45716,536
95.93179,537
95.19593,539
104.6498,540
92.53361,541
96.33128,543
113.631454,546
94.731705,547
79.635635,548
94.89027,551
104.563354,552
103.19275,556
95.38162,557
113.04401,558
95.88304,559
104.18492,560
104.42208,562
94.65274,566
112.40642,570
94.12984,571
105.8541,572
94.53464,573
117.16563,575
112.698105,576
94.27588,577
92.492645,579
113.74205,580
113.837166,581
111.54149,589
104.4785,591
93.357704,593
104.19054,594
95.65737,595
95.03767,598
111.995674,602
112.5061,604
113.522804,606
95.33401,608
104.56489,609
95.26235,610
113.86416,616
94.041115,617
104.13177,618
104.339355,620
113.033455,622
91.96508,623
113.03779,624
114.12753,626
113.476395,628
94.34423,629
113.68989,630
93.8486,637
106.21994,638
96.24489,643
94.9564,645
111.94211,646
93.60545,648
93.677635,652
94.12984,653
112.40642,654
112.77314,656
94.16899,657
94.81589,659
104.89381,660
90.912315,663
113.65406,664
104.48866,666
112.23909,668
94.07076,669
94.09314,671
93.57302,675
93.90161,677
114.252304,678
105.46298,679
93.593124,682
105.05886,685
92.89565,687
95.60868,688
114.812744,693
97.859726,696
92.925224,698
93.65901,701
105.064415,704
115.94141,705
115.29356,709
93.45468,710
104.84335,711
94.17166,712
112.639946,714
91.95208,715
111.54149,716
95.23279,717
117.32636,720
94.023575,721
102.92703,724
93.21014,725
110.965355,726
113.79512,728
92.83552,731
104.893875,734
95.8491,738
111.376526,745
90.74258,746
78.56369,751
91.504364,754
91.73799,756
96.18126,758
115.1007,759
116.694405,761
95.02783,766
111.93538,767
91.96508,768
113.496216,769
92.39394,770
80.54443,771
105.11235,772
94.67334,773
110.568504,774
113.34532,776
97.2443,777
115.18248,780
104.6498,782
104.10942,787
95.19593,788
91.426735,792
112.66567,793
95.45631,798
91.51986,800
111.54149,806
113.712326,809
115.377014,811
90.6598,812
117.16563,814
104.00984,816
95.983345,817
104.42737,818
110.101906,820
94.95614,823
91.41389,829
113.17393,830
92.21837,831
112.35653,834
95.60193,839
80.61796,841
104.56489,844
94.863045,845
91.571526,848
97.41371,850
104.553535,851
94.340195,852
92.72025,854
94.052826,855
102.35434,856
103.58473,859
110.568504,861
92.51268,864
110.568504,865
91.47932,866
92.23968,867
94.16743,869
91.00493,871
111.54149,872
103.601105,882
96.2061,883
95.44445,885
98.10881,888
111.20849,893
114.252304,901
104.805595,903
94.757935,904
104.008255,905
94.46266,910
114.032936,911
111.9819,914
112.825516,918
90.79603,921
95.78293,928
104.73523,929
96.9068,932
103.1434,933
94.46266,934
114.18873,935
79.99145,937
94.53464,939
103.15284,940
96.002815,941
105.06089,942
92.86665,943
104.637245,944
111.54149,947
112.885056,949
110.719604,951
95.05601,952
104.805595,953
77.214615,954
113.302,957
91.43168,959
113.38965,960
117.16563,963
111.54149,965
103.73772,967
94.81986,971
79.06505,972
92.1016,973
113.438934,974
96.70037,975
113.48072,978
112.40859,980
94.24707,981
112.571526,984
94.46266,986
91.96508,988
111.787415,989
103.880936,990
114.252304,992
94.53222,996
112.31254,999
94.298134,1000
110.568504,1001
91.893555,1002
113.34532,1003
93.30065,1004
112.5965,1008
94.14501,1009
105.170204,1010
111.35949,1012
93.596016,1013
115.29213,1014
92.1737,1015
117.32636,1016
92.995,1019
112.02982,1020
94.46266,1021
103.600555,1022
94.46266,1024
79.09969,1025
95.02534,1027
104.84226,1028
94.39906,1029
94.37036,1030
113.438934,1033
93.85596,1036
111.21618,1037
90.51862,1038
94.53464,1042
102.43301,1043
94.561264,1044
112.689514,1045
114.052536,1047
95.75571,1050
111.54149,1051
94.95614,1054
94.24707,1056
95.63855,1057
94.85092,1059
97.43662,1062
105.029724,1063
94.24707,1064
94.46993,1066
103.909485,1070
113.29009,1076
95.434616,1077
112.23882,1078
113.42162,1080
114.918564,1082
97.8327,1083
114.50338,1089
98.10881,1091
93.822556,1093
94.82355,1097
91.96775,1099
94.46266,1101
97.15845,1103
111.05594,1104
113.270805,1106
93.662445,1109
113.57511,1110
96.31684,1111
114.206894,1112
95.43862,1114
94.776825,1116
113.53689,1117
93.459465,1120
112.34547,1124
92.158966,1125
115.5757,1126
112.98345,1134
93.64467,1137
113.476395,1138
112.103264,1144
95.65737,1145
92.6344,1146
96.70037,1148
93.20068,1150
104.56489,1152
94.9029,1153
105.09206,1154
93.96709,1155
93.70702,1157
94.53464,1162
113.302,1165
93.957695,1166
103.600555,1167
95.95867,1168
103.58473,1169
116.939476,1171
95.15424,1172
103.58473,1173
95.86582,1174
95.24594,1176
103.83638,1177
94.712746,1178
113.302,1182
94.9564,1186
111.78744,1187
93.90341,1188
115.18248,1189
104.39949,1191
93.971924,1192
111.633,1197
94.67969,1198
79.297485,1200
96.45638,1201
94.287834,1203
117.16563,1209
104.70967,1214
113.268364,1218
93.41495,1222
95.70774,1226
94.16998,1228
92.624306,1230
79.00123,1232
93.47588,1233
114.21327,1236
94.71659,1238
112.103264,1241
108.15958,1244
93.9363,1246
111.761765,1247
113.38993,1250
92.38026,1251
114.1031,1254
94.718994,1255
114.79463,1256
93.647995,1257
95.11324,1258
112.103264,1259
96.015114,1260
111.81102,1263
79.541985,1267
112.063065,1268
93.971924,1271
111.069115,1272
103.81875,1274
94.53464,1275
111.402115,1276
91.17479,1277
92.6344,1279
97.58119,1281
93.90341,1282
113.32365,1283
111.8879,1285
94.13393,1286
113.300125,1289
111.92441,1296
92.58653,1299
94.53222,1301
93.02417,1306
95.48319,1307
93.71335,1308
111.402115,1313
95.893555,1314
113.57511,1315
92.57844,1316
111.249214,1317
91.19325,1319
94.9564,1323
105.60201,1324
95.712524,1325
104.48392,1328
94.52934,1329
110.568504,1330
95.57547,1331
103.89571,1332
95.41301,1337
112.22152,1338
93.642876,1339
111.24868,1340
114.40941,1343
103.9311,1347
93.74747,1348
104.04592,1349
92.42845,1352
94.493324,1354
112.83033,1359
94.256714,1360
110.86317,1363
97.859726,1364
104.63569,1365
95.298,1366
94.18926,1372
104.29433,1375
94.50669,1376
93.319145,1378
115.69175,1379
94.256714,1380
103.378784,1381
114.856026,1384
92.380585,1387
113.3577,1388
78.13024,1392
105.42469,1394
94.73369,1395
110.86317,1396
93.22681,1398
110.86317,1399
93.737465,1400
94.5678,1401
94.05262,1403
113.365944,1404
110.86317,1406
94.66996,1407
111.60507,1408
79.33604,1410
111.19617,1412
93.61661,1413
96.382515,1415
111.60507,1420
113.268364,1422
105.83338,1423
111.60507,1424
94.862915,1425
79.33604,1426
94.287834,1427
91.56595,1429
112.11762,1430
94.52089,1431
102.26767,1432
114.85883,1434
94.42727,1437
104.38538,1438
114.46599,1440
113.64992,1441
94.712746,1442
111.62564,1444
96.38564,1445
104.56489,1446
95.71274,1448
92.84157,1453
111.19617,1454
93.765976,1455
113.30497,1456
111.19617,1458
91.52341,1459
94.432365,1461
92.380585,1465
113.380806,1466
94.75045,1469
92.84157,1472
93.98077,1474
115.24827,1477
111.97083,1479
93.952736,1482
78.6701,1483
94.74319,1487
112.20047,1488
111.97112,1490
113.9447,1492
115.18248,1494
103.00774,1496
95.311424,1497
95.83001,1499
93.09413,1502
114.147446,1507
92.42845,1508
112.18337,1509
90.53663,1511
112.686775,1512
116.84296,1513
104.63561,1514
111.83191,1518
91.82823,1519
113.27045,1522
79.09154,1524
94.712746,1527
94.006905,1529
105.27932,1532
111.52925,1536
117.16563,1537
107.273,1539
111.45303,1542
94.50669,1543
104.2189,1544
78.722824,1545
95.43744,1550
113.65955,1551
103.67691,1554
104.56489,1556
93.44205,1559
78.8591,1560
92.187996,1562
91.82823,1566
113.89419,1567
103.27752,1569
114.000946,1570
111.80318,1571
92.42845,1574
104.6498,1578
91.83349,1580
113.64733,1583
92.42845,1584
114.360176,1585
93.83746,1586
113.13937,1587
90.43342,1588
115.18248,1590
103.074715,1592
111.43056,1596
111.55132,1598
94.09438,1599
113.16743,1604
103.100815,1606
93.61661,1607
101.87606,1608
116.939476,1609
94.0484,1611
95.4112,1613
94.260925,1616
112.5245,1619
90.42893,1620
111.90048,1621
95.14481,1622
114.252304,1625
116.939476,1627
110.53642,1629
92.912605,1634
94.97565,1636
103.09627,1638
95.502174,1639
94.16562,1641
94.910225,1643
103.322845,1644
115.18248,1645
94.4046,1646
103.67691,1647
94.10611,1648
91.83349,1652
113.7525,1653
91.1977,1656
94.09438,1658
113.469406,1659
94.88641,1661
93.61661,1663
114.54784,1664
93.198425,1665
104.56489,1666
101.80779,1667
78.7612,1668
102.51577,1669
94.983765,1670
113.54569,1672
115.29213,1674
112.20047,1677
93.71238,1678
113.716805,1679
95.22454,1680
103.552795,1683
104.510635,1686
113.19717,1687
113.04401,1689
91.222176,1690
117.32636,1691
114.39418,1692
92.42845,1693
94.987045,1695
92.84157,1696
113.78304,1697
104.56489,1700
93.8609,1701
113.096054,1702
93.13478,1703
113.50959,1704
96.41259,1706
112.571526,1707
94.16559,1708
94.61803,1710
104.47826,1711
104.503746,1713
104.20592,1717
104.6498,1719
93.75966,1720
94.99858,1722
103.49489,1725
94.13672,1726
104.40207,1727
112.92067,1729
92.77194,1730
112.06525,1731
104.56489,1733
95.55753,1734
113.268364,1735
95.4112,1738
94.89667,1742
115.29213,1745
94.6344,1747
94.56468,1749
94.191154,1751
78.31937,1752
102.49076,1753
96.06402,1754
93.646286,1755
105.82185,1756
113.6128,1758
93.971924,1759
105.8541,1760
112.602974,1761
91.68021,1762
112.76075,1763
96.57321,1764
94.68507,1766
95.712524,1768
79.65211,1769
111.003395,1771
95.547264,1772
104.99876,1773
94.74155,1774
112.10406,1775
112.78085,1777
93.971924,1779
105.8541,1780
93.34073,1787
94.24154,1788
94.29524,1790
113.589584,1796
91.70991,1801
93.57415,1803
113.13013,1807
114.4451,1809
93.90796,1812
113.00322,1813
94.57379,1814
113.82648,1815
94.49847,1816
94.49607,1818
91.75116,1820
114.052536,1821
94.387245,1822
94.41491,1825
104.684204,1826
93.86225,1828
105.37961,1831
115.70963,1836
93.742256,1837
94.186714,1841
103.86015,1844
94.68668,1848
107.273,1851
97.85093,1852
93.8643,1853
112.00461,1854
96.434494,1856
114.39442,1859
94.32315,1860
78.821754,1861
104.84226,1863
96.002815,1865
107.69977,1866
93.80602,1867
92.80238,1868
96.29427,1872
96.08498,1879
102.39344,1880
94.08026,1882
103.75874,1885
103.67148,1887
95.05587,1888
113.10583,1890
96.06263,1894
104.4785,1895
92.622185,1896
112.080315,1897
113.74336,1900
93.647995,1901
112.90131,1902
92.769615,1905
111.87905,1906
105.00227,1912
93.529755,1915
103.81879,1916
94.09009,1917
104.583084,1918
77.49439,1920
96.30328,1923
104.99675,1924
94.371445,1925
116.939476,1930
111.069115,1932
96.34347,1933
112.348595,1934
93.7751,1935
79.541985,1940
93.98253,1941
112.58767,1942
95.51241,1943
93.7005,1944
114.31238,1945
117.16563,1948
91.395805,1949
93.475266,1952
92.6344,1954
111.81102,1955
92.59706,1958
79.627235,1959
112.76075,1960
94.18789,1963
96.67606,1965
103.54673,1968
97.859726,1969
94.18789,1971
113.788246,1972
92.06397,1973
92.51191,1975
96.04528,1977
94.49847,1978
113.74205,1979
92.61221,1981
114.99449,1982
111.915245,1987
92.03418,1988
97.712975,1993
93.33223,1997
93.86197,1999
95.61715,2001
115.08757,2002
92.35753,2003
80.736176,2004
113.64175,2006
94.08431,2007
105.8541,2009
95.453835,2010
93.3373,2013
79.10569,2018
104.251366,2022
111.25112,2024
96.29962,2025
104.05915,2026
105.8541,2030
94.10935,2031
105.00227,2032
93.63795,2033
93.22051,2035
114.093544,2036
92.38265,2037
96.06263,2040
112.59684,2043
106.44766,2044
104.266075,2046
115.524605,2054
96.268906,2055
105.8541,2056
93.516914,2059
93.647995,2060
94.42092,2062
113.33439,2063
96.06263,2066
112.854485,2067
91.32762,2072
111.64566,2073
94.08943,2074
115.44994,2075
94.265015,2076
92.838425,2080
93.647995,2082
113.81759,2085
113.815926,2087
111.38797,2091
95.29962,2092
105.8541,2093
97.25296,2098
112.76075,2101
94.620804,2102
79.541985,2103
107.45026,2105
94.41253,2106
110.92077,2107
96.038475,2110
93.748184,2114
112.58767,2115
79.854675,2117
94.543625,2118
103.81879,2119
92.56571,2120
93.15715,2122
111.92756,2123
93.997925,2126
104.69828,2127
94.519714,2128
112.617455,2129
97.84418,2132
104.56489,2135
96.90137,2138
116.939476,2139
114.386246,2141
94.02354,2142
94.67385,2146
113.67501,2151
104.448845,2157
112.28873,2159
93.38354,2162
116.86558,2164
91.468895,2167
112.30436,2168
92.25627,2171
93.725044,2173
104.19755,2174
94.2684,2175
94.75022,2178
95.17144,2180
113.67241,2185
91.88729,2189
112.871414,2190
103.616104,2192
114.44908,2194
114.79715,2200
91.52043,2201
113.5407,2203
91.45537,2204
112.74933,2205
113.67886,2209
103.92404,2213
92.73119,2214
113.0373,2215
91.60392,2216
92.580284,2218
105.252106,2219
93.956856,2220
93.71202,2222
112.97024,2223
113.59321,2225
91.97121,2226
95.17638,2230
113.27294,2233
112.91946,2234
91.45537,2235
78.09806,2236
95.0034,2237
114.288345,2240
93.21047,2241
104.5881,2248
92.54767,2249
110.17642,2250
113.47744,2252
92.334915,2253
111.15139,2254
78.441574,2256
95.383095,2258
110.533745,2259
95.61692,2262
94.75022,2265
102.19934,2266
94.40434,2269
95.313156,2271
92.02468,2273
112.41247,2274
91.29305,2275
93.0722,2277
91.45537,2279
78.18839,2280
95.17144,2282
103.38451,2283
90.75964,2288
112.37351,2289
92.689674,2291
116.89679,2292
94.576515,2297
105.9234,2298
93.922646,2299
112.882225,2300
91.63803,2301
96.15431,2304
103.491776,2305
95.61692,2306
93.8999,2308
110.52355,2309
96.84,2311
104.5728,2312
104.13732,2316
104.56902,2321
113.20436,2322
105.39437,2325
94.10881,2326
116.89679,2329
93.08287,2330
104.36983,2331
112.871414,2332
95.61692,2333
103.512344,2334
114.34892,2335
113.21495,2337
93.62509,2338
112.871414,2340
92.31538,2342
94.01678,2345
92.90138,2349
78.74785,2351
92.13932,2352
111.2938,2354
111.49565,2355
113.59321,2357
93.80639,2358
95.11861,2360
111.2938,2361
94.729675,2364
92.480034,2366
106.230095,2369
94.75622,2370
113.27294,2371
113.42329,2373
93.79324,2374
112.89961,2376
114.04113,2378
95.60255,2382
93.398346,2383
103.52864,2386
96.45118,2387
91.28054,2389
114.10848,2390
92.57901,2392
112.871414,2398
92.02158,2399
91.223114,2400
111.97108,2401
94.42694,2402
94.73574,2404
116.36818,2407
112.270195,2408
109.93012,2409
79.42149,2412
95.061035,2413
94.02718,2415
113.0979,2420
96.29704,2422
102.343834,2423
93.987885,2426
94.29975,2432
92.12201,2434
92.33943,2435
112.11735,2436
113.78081,2438
111.729706,2440
94.33919,2443
90.66338,2444
104.5881,2447
92.92199,2450
92.988525,2454
112.30889,2455
95.61692,2459
112.09371,2460
96.181366,2463
92.043465,2465
79.22437,2468
92.24235,2469
93.229515,2474
95.17737,2478
90.89345,2480
114.288345,2481
95.17144,2489
105.360146,2490
93.56706,2492
95.61692,2496
112.08936,2497
93.135124,2500
95.61692,2505
91.85117,2507
112.74933,2508
94.090805,2509
80.90404,2510
92.42861,2513
95.17144,2515
93.398346,2518
113.49456,2519
93.398346,2520
112.31286,2521
112.29593,2523
93.929146,2525
112.312294,2529
92.00329,2530
113.7221,2533
95.44737,2535
102.08026,2538
113.74245,2544
112.573586,2553
93.058876,2556
92.48166,2558
113.05334,2559
93.2712,2560
112.72959,2561
93.987045,2562
113.02765,2563
92.71621,2564
113.08016,2565
106.10207,2567
93.09121,2572
93.66897,2575
112.66351,2576
93.13494,2577
93.482285,2578
110.1228,2579
90.993065,2580
110.91158,2582
92.73943,2583
93.02486,2587
114.65213,2589
96.65193,2590
112.312294,2591
93.115204,2594
94.74914,2597
104.73412,2598
97.886566,2599
104.09528,2600
115.30267,2602
93.09121,2603
106.12199,2604
114.6307,2606
77.808975,2607
91.01966,2608
112.74933,2613
92.837036,2614
112.79171,2615
112.77232,2617
92.89272,2620
112.30149,2623
94.68835,2624
112.74933,2627
77.808975,2629
91.98992,2630
94.97143,2632
93.7658,2636
96.17196,2639
103.73161,2640
112.312294,2642
104.70259,2644
113.25359,2646
93.74851,2647
94.20782,2649
103.41021,2650
104.70259,2652
102.03629,2653
104.87228,2655
112.678635,2657
110.206245,2659
93.234436,2662
114.288345,2663
95.28896,2664
104.403984,2665
94.64083,2670
104.22024,2671
94.42733,2672
104.70259,2675
113.88216,2677
109.70689,2679
113.53383,2683
94.00527,2684
94.4647,2685
102.8381,2688
92.971275,2689
102.74261,2690
94.524864,2693
111.7606,2694
114.34431,2697
92.45249,2699
95.12214,2703
104.59611,2705
79.23859,2709
93.724365,2710
111.94406,2711
93.80581,2712
93.96824,2713
113.57117,2714
92.10248,2715
91.23356,2717
112.60264,2718
112.111916,2720
95.862625,2721
93.19844,2726
92.23739,2728
102.71026,2731
111.10102,2732
93.451096,2734
104.75784,2736
93.98224,2737
103.98156,2738
112.1711,2739
92.27691,2746
103.21156,2749
114.87511,2751
104.71536,2752
95.21195,2753
105.250854,2757
93.061386,2758
113.35946,2759
96.22383,2760
111.981865,2762
93.71508,2764
115.789795,2765
113.66399,2769
109.705635,2771
94.10527,2774
93.61371,2776
114.62976,2777
93.24718,2778
110.84492,2779
93.06792,2782
93.89885,2784
93.248146,2787
96.434944,2789
92.73884,2792
94.27286,2798
103.99293,2799
95.301445,2800
79.19884,2801
94.55634,2802
94.37518,2804
104.58794,2807
95.963646,2808
112.174866,2809
116.53558,2811
94.375275,2812
91.00555,2814
94.944565,2816
112.02055,2817
110.33357,2818
112.66184,2820
78.36576,2821
92.35506,2822
103.83951,2823
95.56914,2824
91.266106,2826
92.36807,2829
92.23739,2834
80.13734,2835
95.21701,2838
110.7669,2839
93.36111,2840
109.180305,2841
95.42414,2842
113.35525,2846
94.24465,2848
91.72016,2849
113.57117,2850
93.75831,2851
93.39888,2853
112.312294,2854
110.11772,2858
94.98808,2861
93.37428,2864
114.288345,2865
112.13713,2866
90.14092,2867
111.33942,2868
111.24853,2870
97.83623,2877
112.74933,2878
112.75956,2880
79.58647,2882
96.38634,2883
105.3843,2884
92.14142,2885
94.97866,2887
112.561,2888
92.20624,2889
104.64921,2890
96.60292,2891
117.01899,2892
95.3001,2893
114.43751,2898
92.60366,2899
112.558754,2900
92.692825,2901
94.76635,2909
111.41939,2910
110.859856,2911
109.73189,2913
92.95221,2914
92.699936,2918
112.000275,2919
94.05132,2920
112.74933,2921
95.6629,2922
102.1095,2923
114.72624,2925
90.993065,2926
113.131836,2927
111.267845,2929
92.456924,2933
112.846115,2934
114.54368,2936
102.89238,2941
94.100204,2942
112.52706,2943
103.04201,2945
92.345116,2950
112.36252,2951
112.35086,2953
96.33865,2954
104.325485,2955
95.37783,2956
95.26814,2960
94.04406,2962
106.31795,2963
104.69696,2964
77.82297,2966
95.83533,2967
113.54309,2968
92.11109,2969
95.42609,2971
94.383736,2972
95.06895,2974
112.802505,2975
115.18248,2977
112.02307,2980
93.03592,2981
95.89267,2983
106.32139,2984
116.87986,2985
106.07782,2986
94.383736,2987
94.06521,2989
112.26003,2990
97.89174,2991
79.18947,2992
113.51303,2995
102.46537,2996
111.36121,3002
111.70268,3004
116.694405,3005
93.6401,3006
95.10904,3010
103.43447,3011
91.04082,3014
93.88855,3015
94.17058,3016
113.68987,3017
95.139885,3018
103.808044,3021
104.781876,3024
93.46293,3028
93.29493,3030
95.76836,3032
92.06669,3039
105.23291,3040
94.51592,3041
95.961525,3043
110.868645,3044
111.12573,3046
94.36418,3055
112.86613,3056
93.35155,3058
112.384,3059
117.16563,3061
104.25184,3063
94.48238,3066
104.781876,3067
78.14638,3068
96.038475,3069
116.84296,3072
113.289,3073
93.50809,3074
92.663246,3077
94.72214,3082
113.51303,3084
112.33849,3085
104.75034,3088
93.319145,3091
112.565506,3092
93.24514,3093
102.75801,3094
112.348595,3096
92.71768,3097
79.645515,3098
116.84296,3102
93.33372,3106
95.11303,3109
91.38278,3111
116.694405,3112
96.038475,3113
91.06741,3115
113.25555,3116
92.527084,3117
111.1079,3121
93.336006,3122
92.942345,3123
105.29861,3124
94.17058,3125
103.58331,3126
117.32636,3127
93.25834,3129
111.35531,3130
105.443115,3132
106.30484,3134
93.78127,3135
80.91884,3137
96.56661,3138
96.034615,3140
111.95529,3144
93.326546,3145
112.96756,3146
94.86788,3147
105.187614,3148
103.903786,3149
114.745094,3150
95.26752,3151
94.257416,3152
93.69063,3155
113.74702,3156
92.949425,3159
94.49595,3161
103.84945,3162
94.54206,3163
102.979485,3165
92.765884,3172
112.21484,3173
97.172264,3176
103.929245,3177
112.802505,3179
93.204056,3183
92.34229,3186
102.126434,3187
113.335,3189
94.182846,3190
117.32636,3192
92.765884,3193
113.692986,3194
93.509285,3197
95.8806,3198
93.905556,3200
115.12593,3201
95.8806,3202
95.59999,3204
91.89752,3205
113.08007,3206
103.42343,3208
103.84921,3210
94.15068,3211
117.16563,3212
93.0614,3213
111.600426,3214
104.69696,3216
92.24385,3219
113.67952,3220
96.038475,3221
102.99054,3226
95.074776,3227
112.220024,3228
94.12722,3229
79.079346,3232
93.42735,3233
93.668274,3234
93.486755,3236
112.744835,3238
113.90084,3239
95.2407,3240
111.51996,3247
103.40933,3249
113.37158,3252
92.68207,3253
104.03442,3254
94.18999,3255
111.5568,3256
93.59223,3257
93.94732,3262
104.75034,3263
95.37783,3264
111.72973,3266
97.49909,3267
96.23478,3269
116.87986,3272
93.509285,3274
106.49994,3275
96.293945,3277
94.12611,3279
104.33496,3280
94.275795,3283
95.15451,3285
92.69334,3287
104.781876,3288
106.338295,3290
95.118,3291
113.665344,3298
95.7325,3299
113.14946,3302
92.961266,3303
106.33355,3304
92.72502,3307
94.66386,3309
78.268486,3314
113.778694,3316
93.54732,3317
93.64464,3319
113.73296,3320
93.27478,3321
105.37458,3322
92.09183,3324
93.18676,3326
111.12397,3329
92.76396,3330
113.518845,3331
117.32636,3335
97.11451,3337
105.395134,3338
95.59214,3339
113.54566,3340
95.3374,3341
93.950615,3343
91.09508,3346
93.23194,3348
104.781876,3351
116.939476,3352
93.02971,3355
113.756226,3356
105.479256,3358
97.85093,3359
111.05166,3360
109.7637,3371
96.39567,3372
97.18293,3374
113.8654,3377
91.70115,3378
104.47826,3380
95.16617,3382
96.16718,3386
112.91976,3389
104.41365,3391
96.56661,3393
104.35151,3394
93.8987,3395
113.18187,3397
95.952225,3398
79.52569,3399
94.82355,3400
104.02947,3404
111.14293,3407
104.503746,3409
96.369095,3419
95.12413,3421
94.86007,3425
78.661995,3427
116.87986,3428
111.76007,3429
94.66247,3431
95.51699,3435
112.802505,3436
93.49287,3439
90.9866,3441
116.87986,3442
94.20401,3443
103.49489,3444
93.44034,3445
115.149574,3446
93.44205,3449
93.86815,3453
96.22261,3457
104.781876,3460
96.75146,3461
92.84157,3462
104.3061,3464
78.40307,3465
94.3256,3466
104.442566,3467
97.42256,3468
104.05252,3469
102.24616,3470
112.744835,3472
93.24991,3473
92.5034,3475
113.46019,3476
104.32899,3478
98.2112,3479
94.066025,3483
104.237686,3484
94.075714,3485
92.419914,3487
113.25548,3488
111.89007,3496
95.80277,3497
94.52089,3499
78.28298,3500
94.19437,3501
92.91282,3504
105.648155,3508
93.5074,3511
112.54906,3512
91.39024,3515
92.97078,3517
102.95809,3518
112.78675,3526
114.99402,3528
94.88221,3529
115.38166,3530
92.19342,3531
112.873055,3532
94.88209,3533
96.45638,3534
77.669334,3535
92.977646,3536
113.922035,3537
94.22856,3538
110.19867,3539
105.2809,3540
114.02189,3545
92.45586,3546
103.225174,3550
94.31018,3551
94.41585,3553
104.781876,3554
95.118,3557
114.083084,3558
93.44205,3559
94.066025,3561
113.18187,3562
93.77149,3563
104.781876,3564
93.44034,3565
94.41629,3567
104.781876,3571
95.38131,3572
95.12052,3574
93.742256,3576
111.38245,3577
94.29467,3578
93.825745,3579
95.38887,3583
94.16587,3585
104.5688,3586
113.38364,3587
91.862785,3593
113.750786,3594
92.41624,3595
92.689705,3599
104.82477,3600
112.744835,3601
93.44205,3602
96.32687,3604
115.12593,3609
113.42338,3610
114.28354,3612
112.916,3614
95.67614,3615
94.64348,3617
112.994934,3618
112.321236,3619
113.81512,3620
95.5851,3621
96.24797,3625
104.13979,3626
103.59865,3630
96.94555,3631
107.46455,3632
93.47619,3633
113.12395,3634
94.08067,3637
95.151474,3639
113.61408,3640
93.720436,3641
114.354095,3644
93.86968,3645
94.946144,3646
93.73712,3647
113.18187,3648
113.13937,3653
91.12167,3654
113.19425,3655
103.29374,3659
97.11451,3660
110.83189,3662
94.68284,3666
97.00245,3668
92.69174,3671
92.90485,3673
113.41592,3674
95.81567,3675
93.20458,3681
113.096054,3682
111.85712,3686
93.26774,3687
79.58329,3692
113.87584,3695
94.56389,3696
114.14152,3699
116.05533,3705
79.33604,3707
94.73969,3708
114.08621,3709
94.08026,3710
94.787735,3712
113.23299,3715
93.95317,3716
115.21276,3720
79.33604,3722
93.800514,3726
92.75557,3728
110.04068,3729
103.886894,3731
113.83356,3735
95.4317,3736
102.653275,3739
109.74894,3741
103.87747,3743
91.44731,3744
111.823845,3745
90.93998,3746
91.16764,3751
94.05555,3753
109.84938,3760
90.97096,3761
110.58884,3762
90.01512,3763
90.60744,3765
109.65753,3768
93.1682,3769
104.224945,3770
109.972466,3773
92.553116,3774
90.21842,3776
89.68711,3778
110.972435,3779
90.35168,3780
111.0125,3781
90.61878,3782
111.33157,3783
89.9161,3784
91.52747,3786
109.8389,3789
90.00876,3790
110.77578,3793
111.081406,3795
91.31556,3797
115.025856,3798
111.17885,3800
92.9998,3804
89.212135,3810
111.19357,3815
92.9998,3816
102.62078,3818
111.00139,3824
104.77629,3828
111.39187,3830
91.013,3831
77.03918,3832
111.33524,3834
89.195465,3835
111.76851,3836
91.5493,3838
115.1801,3839
111.32452,3840
92.60837,3845
109.01035,3846
90.809525,3847
76.55253,3849
110.61013,3853
103.74113,3855
91.07888,3856
78.67502,3864
91.101326,3865
110.68567,3866
91.87892,3867
111.17885,3868
92.4828,3869
90.27497,3871
104.00597,3875
90.384125,3876
91.86313,3878
109.41856,3879
111.17885,3881
109.72894,3883
91.938286,3884
112.76109,3886
93.65673,3890
112.41645,3893
104.56494,3897
90.64819,3901
110.794846,3902
112.20586,3913
92.00606,3914
89.61056,3916
113.113,3917
105.37614,3924
93.70134,3925
95.56906,3928
115.5119,3929
95.907684,3932
104.56489,3933
80.27743,3934
93.7751,3935
93.62075,3936
111.38859,3937
95.922874,3938
113.196625,3939
93.76761,3943
112.95078,3944
113.302,3945
94.05702,3946
114.295906,3947
94.242584,3948
113.594055,3949
95.477295,3950
113.04057,3951
93.047516,3952
113.29617,3953
114.98645,3961
93.252464,3962
94.93489,3966
104.15341,3967
95.442375,3968
113.4302,3969
94.052826,3970
105.8541,3971
95.68587,3973
113.770325,3974
113.40531,3975
91.28154,3977
114.175316,3979
96.55669,3985
102.64851,3986
113.196625,3988
94.58797,3991
103.95966,3992
96.574715,3993
91.067154,3994
113.00643,3995
113.45013,4005
93.97033,4007
104.1024,4008
93.13672,4009
114.39056,4010
80.78925,4011
94.5157,4012
105.774,4013
112.23591,4015
113.276024,4016
112.802505,4018
93.40437,4025
113.548965,4026
112.95768,4028
94.72809,4029
94.345894,4031
113.41282,4032
94.463066,4033
104.89845,4034
93.915596,4037
103.01822,4038
95.203674,4039
96.382515,4041
112.38698,4042
96.5097,4043
104.56489,4044
93.33641,4045
114.77251,4046
92.94834,4047
107.871124,4048
96.74683,4049
94.0224,4051
114.20736,4052
104.453125,4058
112.967224,4062
112.43803,4064
93.70353,4067
78.60902,4068
93.96531,4070
115.12593,4072
112.449684,4074
97.136215,4075
113.60998,4076
92.81302,4077
113.82212,4078
104.56489,4080
113.19634,4082
93.822556,4085
111.5021,4086
113.548965,4088
96.59915,4089
78.506004,4092
93.51602,4094
113.41883,4095
94.07693,4096
104.54544,4097
94.97547,4102
113.374664,4105
111.21618,4107
95.41384,4111
105.02332,4112
93.99521,4113
114.40605,4114
90.67099,4115
114.83643,4116
95.727776,4117
96.220085,4118
111.95696,4119
95.38315,4120
79.3239,4122
93.58391,4125
113.98148,4126
113.113,4129
113.81452,4134
92.7511,4137
106.34404,4141
95.498924,4142
95.61715,4144
105.37614,4145
95.18527,4146
95.088295,4150
81.95611,4151
93.70353,4154
96.2409,4156
113.277626,4157
113.276024,4159
93.70959,4160
112.55919,4161
94.41059,4168
102.64851,4171
107.30073,4172
94.72809,4173
93.180214,4175
104.56489,4176
95.61715,4177
101.8704,4178
94.631836,4179
115.33426,4181
94.72809,4183
112.5013,4184
92.61285,4185
114.573906,4186
114.111824,4188
111.03764,4190
91.92743,4192
114.38142,4193
113.770325,4194
97.95032,4195
78.31937,4196
94.8503,4202
104.95435,4203
94.674385,4208
112.8656,4209
93.51602,4210
112.003334,4211
116.87986,4212
104.534935,4214
94.86788,4215
111.96286,4216
91.19325,4217
95.51264,4219
111.38859,4222
78.71194,4224
104.59517,4231
94.72809,4232
93.7127,4234
95.61715,4236
104.6498,4237
95.55774,4240
107.185356,4242
94.729004,4243
93.583496,4247
112.09087,4248
94.16727,4249
103.28066,4254
95.08889,4263
112.844734,4265
112.65312,4267
113.48194,4268
113.80762,4271
96.002815,4272
112.3419,4273
93.85676,4274
95.76141,4276
95.19593,4278
96.39809,4280
112.099434,4281
92.25377,4283
112.98517,4284
94.72764,4285
114.434296,4286
93.970085,4287
113.95381,4288
93.26437,4289
80.210464,4290
91.67564,4293
112.14629,4296
93.09946,4297
93.73747,4299
114.13682,4303
94.9564,4310
104.88014,4312
104.6498,4318
112.44457,4320
94.07791,4322
113.60728,4323
105.11235,4325
113.71902,4326
105.33507,4328
104.75496,4330
113.26479,4332
96.301575,4333
96.72734,4335
114.730385,4336
107.69977,4338
94.942184,4341
104.24841,4342
104.453125,4344
97.99929,4347
104.56489,4348
104.11086,4351
95.27921,4352
113.6605,4353
103.46076,4355
93.822556,4356
104.18661,4359
96.35531,4360
94.78051,4361
96.531204,4364
104.27789,4365
94.299675,4368
93.96227,4372
91.8683,4374
93.35668,4376
104.63263,4377
94.29524,4380
107.956535,4383
95.19593,4384
103.099594,4385
93.578766,4389
95.06077,4391
113.61598,4392
94.12124,4393
92.83965,4395
113.38782,4396
113.789925,4398
94.862236,4399
92.73086,4401
96.20814,4406
104.88014,4408
104.56489,4412
93.38299,4415
113.5884,4418
91.8683,4419
77.96569,4420
112.95078,4422
91.8683,4423
95.82507,4425
112.619835,4428
111.72365,4431
92.76324,4434
95.33579,4436
112.522224,4437
117.16563,4439
93.80737,4440
112.987564,4441
95.67437,4444
104.534935,4445
94.95999,4446
111.12081,4447
104.32968,4452
114.183044,4456
93.646286,4457
111.858406,4458
93.822556,4460
117.32636,4461
94.293686,4462
101.6245,4465
102.897026,4466
96.75867,4468
104.332756,4469
114.78614,4472
95.79886,4475
92.356186,4478
114.08179,4479
95.83411,4480
79.51542,4483
94.2456,4484
105.07033,4485
94.052826,4486
95.732834,4488
103.163,4489
94.31029,4490
103.92147,4491
95.84621,4492
105.45902,4493
96.29049,4494
104.62224,4495
81.474335,4498
94.226204,4499
103.77953,4500
113.58836,4503
101.63679,4505
95.28306,4506
94.298485,4507
104.6498,4508
113.302,4510
92.09275,4511
94.493324,4513
77.966,4516
92.28639,4519
96.143265,4521
94.18134,4531
78.743286,4532
97.46437,4533
112.51497,4534
104.6498,4536
93.646286,4537
95.48637,4539
102.55187,4542
91.09792,4545
92.346146,4549
95.58152,4551
103.687035,4554
114.52087,4556
112.394264,4559
112.79233,4561
112.75899,4562
111.68804,4566
95.04285,4569
113.38782,4570
96.44188,4573
101.63679,4574
94.702835,4575
94.90308,4577
111.38859,4578
112.57543,4580
92.895996,4582
112.95078,4583
93.86368,4585
104.6498,4587
91.287766,4595
114.11774,4596
94.638275,4601
114.7768,4602
94.395546,4603
111.73511,4605
94.49665,4606
113.94432,4607
94.2074,4608
96.08746,4610
104.54749,4613
94.64324,4617
111.95039,4618
91.80532,4619
93.13572,4620
93.44565,4622
93.822556,4625
104.6498,4626
94.37154,4627
92.613914,4629
92.97118,4631
104.6498,4633
113.13308,4634
95.15643,4635
94.53304,4639
105.052475,4640
104.594734,4642
112.48681,4644
104.6498,4646
94.20995,4647
77.817215,4648
94.993256,4649
113.401405,4650
92.346146,4655
94.32516,4660
113.82863,4661
92.84608,4662
112.93788,4663
93.06652,4665
112.01281,4666
105.042175,4667
94.80181,4668
93.02175,4670
114.64619,4671
97.9731,4672
104.45323,4673
104.421684,4675
93.60917,4676
114.660675,4677
94.610916,4680
96.038475,4682
113.8478,4683
104.56489,4685
96.44884,4686
113.64822,4688
113.99965,4690
113.276024,4692
90.626,4693
92.346146,4697
114.06737,4700
112.58721,4702
117.32636,4707
93.822556,4708
79.62197,4710
96.88578,4716
96.174065,4717
94.83028,4718
96.3146,4720
78.880714,4721
94.45078,4723
113.60997,4726
93.45532,4727
94.60575,4729
92.857124,4731
114.534805,4732
95.57368,4735
104.85934,4736
94.395546,4737
113.19066,4738
111.85375,4739
102.822876,4744
95.47045,4747
111.89957,4749
93.822556,4750
113.31803,4752
95.8697,4755
103.85567,4756
111.96022,4757
94.44636,4758
103.412735,4759
95.30017,4763
103.28478,4764
94.10495,4765
92.815796,4766
113.948456,4767
112.39101,4769
94.725334,4770
81.10645,4771
104.453125,4772
113.770325,4774
113.230354,4776
112.49148,4777
96.06699,4778
95.11351,4780
95.33934,4784
94.32874,4786
78.60902,4787
95.19353,4788
113.31803,4789
105.06898,4791
93.59362,4792
115.38166,4795
95.15811,4796
92.304855,4803
95.901634,4805
96.75893,4807
93.88644,4809
93.85026,4816
78.94244,4817
92.10218,4818
94.863045,4820
103.700836,4821
113.75164,4823
95.8219,4824
113.14238,4825
102.92618,4829
94.8503,4830
112.48557,4831
104.32416,4833
93.90341,4836
113.64822,4837
93.32401,4838
94.33025,4840
78.945,4841
93.0814,4842
111.672424,4843
94.59047,4844
104.11237,4849
105.41498,4851
96.11095,4852
92.675446,4858
94.8503,4860
114.40137,4863
93.36328,4864
111.99215,4865
112.147575,4867
91.47393,4868
114.13758,4869
91.91051,4873
93.99422,4875
112.436035,4876
95.20217,4877
112.103264,4878
78.731125,4880
112.14705,4886
102.95178,4888
94.71791,4889
112.634026,4890
95.717964,4893
96.42852,4895
104.805595,4896
93.659706,4899
96.62704,4901
112.482925,4902
93.03663,4903
113.31803,4904
93.923256,4910
91.52104,4912
96.916954,4915
105.02332,4916
93.43155,4917
104.453125,4920
104.23542,4927
94.17699,4928
104.563354,4931
91.912834,4934
95.92944,4936
114.12453,4939
112.96557,4942
95.29699,4943
104.28179,4944
95.54882,4945
112.103264,4947
94.96359,4948
96.44188,4951
113.31803,4952
94.98805,4953
93.03663,4956
114.02859,4957
92.37266,4958
96.540306,4960
95.84781,4968
105.481346,4969
104.436676,4971
114.20736,4973
114.354095,4975
94.199104,4976
93.87969,4978
113.3175,4979
95.22169,4982
110.46077,4983
93.510124,4984
117.32636,4985
93.077255,4986
114.98645,4987
95.67437,4988
94.05748,4994
94.88311,4995
79.79888,5002
95.22317,5004
102.772934,5005
95.61715,5006
103.998184,5007
111.64566,5009
114.20736,5011
96.90137,5014
105.029724,5015
93.46774,5018
114.95138,5019
92.23871,5020
111.60065,5021
95.514824,5022
93.57506,5023
94.93379,5025
93.896515,5032
95.90279,5034
91.95423,5036
93.7722,5038
112.87711,5039
96.90436,5046
114.95138,5049
92.82963,5051
90.54966,5052
113.770325,5053
94.8503,5054
93.21517,5055
93.646286,5057
94.417244,5059
95.61241,5062
113.74895,5063
113.75521,5065
94.157265,5069
94.541405,5071
112.7469,5074
91.301025,5075
112.19031,5076
78.60902,5077
104.714005,5079
93.71083,5080
114.08525,5081
103.788475,5083
104.531975,5088
92.5721,5089
110.038826,5093
104.69828,5094
93.38916,5095
113.30669,5099
113.92468,5101
103.731285,5103
94.844986,5104
111.474556,5105
91.58978,5107
114.0214,5108
95.39683,5109
93.32531,5111
112.103264,5112
95.06882,5113
114.150085,5114
93.70959,5115
94.879234,5118
94.8503,5122
77.598755,5123
96.35552,5125
103.769196,5127
97.58179,5128
113.64065,5129
95.61715,5132
114.78585,5134
96.47916,5135
110.534195,5137
92.820244,5142
104.08743,5143
91.63922,5144
93.69335,5148
95.26538,5149
105.37614,5150
78.60902,5154
93.88341,5155
94.47289,5159
97.752556,5164
114.98857,5165
94.799446,5166
111.61724,5167
90.978874,5169
93.63192,5171
113.302,5172
92.2202,5176
112.46476,5184
95.44283,5185
112.33645,5186
107.907524,5188
112.436035,5189
94.94378,5190
114.98857,5191
113.113,5193
92.99377,5196
80.06918,5199
103.043655,5200
91.68544,5203
112.76075,5204
95.11963,5205
95.57422,5207
103.264084,5208
95.8785,5212
95.86822,5214
90.912544,5218
94.205,5220
91.58902,5222
93.2354,5224
104.453125,5225
114.317726,5227
104.91215,5229
91.107056,5232
115.12593,5233
103.17916,5234
113.38782,5237
112.799416,5239
90.92351,5240
114.95138,5241
93.63659,5244
111.780464,5248
91.115074,5251
93.822556,5253
95.90606,5255
103.169334,5256
97.859985,5257
92.60659,5259
111.758446,5260
96.4217,5266
91.825096,5268
114.08525,5275
110.82016,5276
94.11164,5277
94.70976,5279
104.91215,5280
94.44645,5281
94.919136,5283
79.541985,5284
94.88311,5285
103.39369,5286
93.83433,5287
93.57302,5289
113.113,5290
102.942986,5292
94.09096,5293
103.06143,5294
90.796234,5297
102.40278,5299
94.79223,5302
80.191246,5305
95.805756,5306
93.8644,5308
95.60349,5309
111.1417,5310
111.96271,5312
112.23358,5316
93.93555,5317
77.71803,5319
94.93379,5320
94.38747,5323
113.42912,5329
111.95036,5331
113.29811,5334
113.337814,5336
104.89184,5338
96.403694,5341
94.71698,5345
91.59547,5348
113.34639,5349
106.26575,5355
93.62554,5356
105.11886,5360
112.13304,5362
113.90286,5364
107.92462,5366
96.22516,5367
95.97677,5368
98.05206,5370
77.96569,5371
104.598564,5373
113.38782,5375
91.88003,5376
113.90286,5378
95.37852,5379
94.7318,5383
102.00358,5384
112.34147,5389
78.5337,5391
112.842896,5393
113.48781,5395
112.78929,5397
94.183136,5398
115.05939,5399
117.35775,5401
91.58903,5402
113.970116,5403
92.555176,5404
78.31937,5407
92.078865,5408
114.69649,5413
95.867966,5414
92.80129,5417
102.942986,5418
115.69175,5420
94.41566,5421
93.28904,5424
112.76075,5425
96.11235,5426
111.85195,5429
94.68741,5431
103.2088,5437
91.865204,5440
104.407295,5444
105.0174,5446
95.637245,5447
93.89529,5451
95.37457,5452
103.17916,5455
93.04858,5456
95.893425,5458
111.51143,5459
94.5112,5460
94.266464,5462
112.49773,5463
95.15811,5464
111.56486,5465
94.570274,5466
105.00232,5467
94.38237,5468
112.93788,5469
94.447266,5472
93.89226,5474
112.00647,5475
94.760895,5476
104.91215,5479
114.20736,5480
115.6861,5482
93.08367,5485
116.87986,5486
80.619354,5488
104.91215,5495
95.37852,5496
112.096016,5497
113.19038,5499
91.484215,5503
95.04797,5504
94.72809,5507
93.46787,5509
93.40525,5511
112.10109,5512
113.40359,5516
94.71936,5517
104.82039,5518
93.66696,5521
104.89184,5522
93.94163,5527
93.93233,5528
112.25887,5529
93.304665,5532
114.12953,5533
103.48547,5535
96.41265,5536
93.12218,5540
93.37275,5547
115.35548,5548
78.20455,5550
93.997,5551
112.845215,5554
93.79495,5555
112.869675,5559
92.333244,5560
112.156555,5561
92.50798,5562
115.93508,5563
79.90544,5565
95.48768,5566
104.8958,5567
94.68278,5568
94.25264,5572
95.42166,5574
94.385765,5576
112.423004,5579
77.38819,5580
94.42664,5581
95.02335,5583
111.99364,5584
112.380646,5586
95.55021,5587
103.10662,5589
103.8478,5591
94.270164,5592
113.20852,5593
94.20212,5594
78.80939,5595
113.3997,5596
113.69626,5597
116.08705,5598
95.54882,5599
113.7649,5602
94.20212,5603
93.17949,5605
93.51602,5607
111.95325,5608
93.05801,5609
90.75448,5610
93.55003,5612
112.28774,5613
94.52828,5614
92.81325,5616
94.17731,5621
94.529884,5623
114.73793,5628
95.67088,5629
97.02358,5631
93.05205,5633
104.97093,5638
96.0705,5639
104.01138,5640
93.776245,5645
78.27898,5646
93.66941,5649
111.74162,5653
114.84028,5655
98.44721,5656
93.54333,5658
116.694405,5662
92.62058,5663
93.49878,5667
95.54882,5670
103.44899,5671
95.50295,5672
103.776405,5673
95.61312,5674
101.025444,5675
95.79342,5676
113.521805,5679
111.9213,5683
94.34952,5687
78.506004,5688
93.19597,5690
113.227875,5691
92.213806,5692
115.77501,5693
93.72477,5694
113.15672,5697
91.143135,5698
113.521805,5699
94.14217,5704
113.521805,5707
103.08564,5709
94.282166,5710
93.252075,5714
97.32415,5718
94.27193,5721
95.283966,5723
113.75521,5724
93.822556,5725
112.954384,5726
94.92352,5729
104.82039,5730
93.82767,5731
77.46439,5733
92.94972,5736
101.10951,5741
114.92519,5745
95.70954,5747
103.94435,5748
113.1409,5750
95.577,5751
93.04858,5752
93.06192,5754
94.64371,5755
93.28629,5757
115.18248,5758
102.73108,5760
103.8478,5762
111.40154,5766
95.04574,5768
115.12593,5769
95.782036,5770
111.68804,5771
92.58304,5772
112.799416,5773
94.223404,5774
92.91655,5776
113.521805,5777
93.8397,5778
112.72882,5780
93.25069,5782
77.713905,5783
94.59905,5784
93.31907,5786
94.33604,5788
113.34846,5789
96.19209,5790
104.91215,5791
105.58598,5793
94.000374,5794
117.16563,5796
95.92275,5797
94.090324,5801
94.34952,5803
113.91923,5804
93.880424,5805
78.731125,5806
115.23337,5808
94.70489,5813
92.85716,5815
104.163345,5816
93.950516,5822
113.95884,5823
105.015594,5825
113.27477,5827
103.44899,5829
96.08302,5830
111.46595,5831
94.679695,5832
115.23337,5833
114.83905,5837
93.72127,5838
93.56815,5839
104.01138,5842
111.686676,5844
102.40828,5845
112.2176,5846
79.30391,5848
113.05219,5850
93.308716,5851
95.04574,5853
104.88765,5854
104.01138,5858
114.000534,5860
104.01534,5864
96.227646,5866
113.521805,5867
92.16827,5868
114.06806,5869
93.800735,5870
112.2452,5871
114.84028,5874
113.59862,5876
92.36362,5877
93.39589,5878
114.803085,5879
94.353966,5880
93.85318,5884
112.61246,5886
94.87345,5890
95.814026,5896
103.04468,5897
95.04574,5898
104.263336,5901
113.521805,5903
90.75448,5906
113.95884,5908
93.62812,5909
112.28774,5910
94.788864,5911
113.65161,5912
114.84028,5914
113.95884,5919
95.51398,5924
94.290474,5926
104.49471,5929
96.520325,5930
95.75334,5932
113.28467,5933
91.66441,5934
113.269394,5935
92.77262,5936
113.579765,5937
95.586105,5938
113.41371,5939
110.68722,5942
95.61432,5943
105.29116,5944
113.24258,5946
92.3179,5951
103.45312,5953
94.11842,5954
104.82039,5957
94.637215,5961
105.67104,5962
81.39991,5964
94.002045,5965
114.640785,5968
93.00691,5969
90.69768,5974
112.036064,5975
78.84204,5978
104.68832,5981
93.50153,5982
112.83664,5983
113.17778,5989
95.59878,5991
103.111275,5992
93.07732,5995
101.81754,5996
111.430504,5997
93.746,5998
81.10645,5999
111.86759,6001
93.70868,6002
112.55762,6003
94.11842,6004
112.40498,6006
92.8819,6007
94.81174,6011
104.08116,6012
94.2024,6014
103.38291,6015
93.201355,6016
110.983376,6017
94.597725,6018
95.79342,6024
102.76595,6025
113.3072,6026
111.88296,6028
78.28082,6029
94.32957,6030
114.640785,6036
93.57609,6040
113.60997,6041
95.34813,6042
95.083664,6044
104.7737,6045
104.75339,6047
94.66081,6048
110.286446,6049
117.32636,6051
111.491974,6052
91.46576,6053
112.46352,6054
105.930084,6058
94.53004,6059
94.23453,6062
117.16563,6063
104.5547,6064
93.57609,6065
92.95871,6067
113.51494,6068
102.929184,6070
97.35719,6071
112.164444,6072
112.164444,6080
94.05727,6081
105.84915,6084
94.71299,6087
103.99568,6089
112.164444,6092
93.02396,6094
113.383354,6095
115.50679,6097
91.37903,6100
103.67652,6104
93.68027,6105
111.13241,6106
78.448326,6107
94.81266,6108
112.164444,6109
91.13305,6110
112.164444,6114
94.070145,6116
103.946754,6117
94.678276,6118
77.61993,6123
113.383354,6125
114.15011,6128
102.78497,6130
110.362366,6132
78.01455,6137
113.59525,6139
92.45222,6140
115.50679,6141
105.896645,6142
102.70322,6144
93.30926,6145
94.58445,6146
92.05028,6149
92.69038,6156
113.31645,6159
92.45222,6160
102.59146,6162
113.42908,6164
95.52008,6165
78.16645,6168
115.033875,6169
94.374825,6170
113.21903,6171
92.91593,6172
112.27504,6173
94.47551,6176
91.92011,6177
95.11749,6178
95.76188,6180
104.7737,6181
95.661674,6182
93.16806,6185
113.28799,6186
113.581184,6188
93.55209,6189
105.84915,6192
94.08212,6193
104.7737,6194
95.645035,6195
116.84296,6196
92.69312,6197
112.893684,6201
90.64061,6202
111.61583,6203
93.56967,6204
117.197014,6207
94.07989,6209
92.172195,6210
113.47946,6211
113.28357,6213
93.16629,6216
90.750694,6217
93.16221,6219
78.31271,6222
96.738846,6223
94.028824,6235
94.63046,6240
92.4743,6242
95.02666,6247
113.61461,6251
111.88296,6254
93.066154,6255
102.6463,6260
93.63969,6261
106.738434,6262
111.85151,6264
104.30153,6269
107.56452,6271
110.63457,6275
94.85811,6276
97.23462,6278
114.7257,6279
113.308945,6281
91.8054,6284
95.00338,6286
77.226906,6287
95.58773,6288
93.296295,6292
93.05161,6293
93.87085,6295
113.2036,6298
112.217896,6300
104.7737,6304
112.57676,6308
94.32627,6310
112.164444,6312
93.68922,6320
91.48191,6324
113.25956,6325
93.74046,6330
111.84941,6336
107.684586,6340
94.028824,6341
102.04109,6342
95.18072,6344
113.43523,6345
115.15598,6347
94.314384,6348
113.2036,6349
78.60902,6351
113.54633,6353
93.07111,6354
94.90384,6357
104.44945,6358
104.181885,6360
114.73793,6363
91.65959,6364
112.37616,6368
94.02428,6370
92.5555,6371
92.620476,6377
93.42926,6379
92.556854,6381
77.999886,6382
114.611435,6383
110.830666,6388
111.54791,6390
101.56288,6392
94.237335,6393
94.11827,6395
101.36561,6398
78.121994,6401
93.68455,6402
111.50319,6403
91.785095,6405
92.519485,6406
110.99942,6407
103.52217,6409
93.0571,6411
96.13937,6413
103.34614,6416
94.00562,6417
94.34213,6418
114.713234,6419
112.03124,6420
111.19945,6426
93.1298,6429
93.528244,6430
111.50319,6431
94.21738,6432
93.3946,6434
114.09624,6437
94.63061,6438
102.53863,6439
94.09278,6440
94.446655,6441
111.60158,6442
92.95242,6443
94.83531,6445
111.436455,6448
111.16535,6450
93.42055,6453
95.27002,6455
90.78901,6457
109.34125,6458
93.13438,6461
110.95083,6464
94.40193,6467
93.74101,6469
78.461494,6470
92.58971,6471
102.260216,6473
93.74393,6474
93.23468,6479
93.683304,6481
110.75046,6484
92.313614,6495
110.99065,6496
111.80754,6505
92.59272,6506
93.51708,6508
93.748,6509
103.22579,6510
102.75793,6512
92.74975,6513
112.35635,6514
91.844315,6515
94.41902,6519
94.139084,6521
77.96267,6523
102.47507,6525
94.315544,6526
93.11495,6528
111.64503,6529
102.08108,6531
104.9247,6533
93.508575,6534
110.72019,6535
90.99557,6536
111.80406,6537
95.96138,6540
114.611435,6541
94.60851,6547
110.93458,6548
110.13522,6551
110.480545,6553
105.39771,6555
93.484276,6556
77.104774,6561
92.20491,6564
110.72019,6565
94.11158,6568
111.60158,6569
103.03112,6573
93.324776,6574
111.77026,6577
112.354,6579
92.99057,6581
111.69359,6582
106.44089,6585
94.50879,6586
102.76079,6589
77.96267,6590
93.86727,6593
111.74917,6594
92.74107,6595
92.548584,6599
95.2887,6600
112.59782,6601
91.52114,6602
111.436455,6603
94.09841,6604
101.685814,6607
103.1003,6608
92.3566,6609
92.597404,6611
111.60158,6613
92.89933,6614
93.054504,6616
111.60158,6617
93.31246,6618
102.025696,6619
105.39771,6621
101.56108,6627
110.81796,6629
78.6467,6631
93.298805,6634
92.74975,6636
94.11158,6638
111.60158,6639
111.436455,6641
94.600815,6642
113.56125,6651
79.043465,6654
94.78768,6657
93.55351,6663
110.93856,6665
94.25404,6666
93.31246,6668
105.034515,6669
94.29762,6670
93.77929,6671
95.68682,6673
93.88349,6675
77.999886,6676
95.63104,6677
95.56083,6679
113.30054,6680
103.22579,6681
103.22579,6685
94.04493,6688
92.64077,6689
110.108536,6690
111.60158,6692
95.561966,6693
95.14377,6694
115.13151,6698
92.68214,6699
109.69339,6700
90.78901,6701
111.284424,6702
92.64077,6704
110.480545,6707
111.436455,6712
91.531975,6713
92.80636,6715
111.20464,6721
92.609856,6722
109.69606,6723
92.92723,6724
114.713234,6725
109.75586,6731
103.68809,6735
92.78232,6736
102.76795,6737
95.10438,6738
102.89209,6739
101.295456,6741
93.34971,6743
93.31246,6745
110.62592,6747
94.302315,6749
102.16152,6750
113.56125,6751
93.5964,6752
111.60158,6753
110.68717,6755
92.224686,6756
102.880684,6757
110.66921,6759
92.91521,6761
92.58971,6763
114.09363,6764
92.74083,6765
110.144196,6766
111.860435,6768
92.64077,6771
95.41501,6773
93.87603,6774
102.28393,6778
94.35642,6779
90.77375,6781
95.21218,6784
91.22301,6786
112.92777,6787
93.67645,6790
104.76601,6793
112.02599,6795
113.47883,6798
104.87538,6806
93.52158,6807
94.731964,6810
110.33837,6815
90.723885,6816
102.372894,6817
95.807106,6818
104.75339,6819
95.097496,6820
93.54538,6822
116.920265,6823
114.895424,6824
92.88365,6825
78.57024,6828
114.7132,6829
110.6373,6831
93.640076,6832
113.557495,6833
92.45222,6834
91.573555,6836
112.02538,6837
91.38286,6838
101.13667,6840
91.709984,6843
90.8869,6845
92.07923,6846
113.14725,6847
111.63756,6851
95.92055,6852
112.843704,6853
95.8611,6858
112.99359,6861
112.92034,6863
78.3539,6864
93.641495,6865
111.37891,6866
93.59399,6867
102.19224,6868
96.07071,6869
114.895424,6870
110.65218,6874
93.97523,6875
112.98023,6877
93.62812,6878
93.440735,6880
111.60979,6883
96.00752,6884
92.799995,6886
96.1145,6890
110.08324,6893
90.90125,6894
112.98023,6899
94.161064,6900
94.27084,6904
110.3833,6905
92.723236,6906
91.275185,6910
103.1819,6912
114.43548,6913
93.14116,6920
95.606155,6922
112.02599,6923
95.10273,6926
110.17945,6927
91.77534,6928
114.114525,6931
95.60616,6933
91.26018,6936
111.903275,6937
112.779724,6939
93.712906,6941
111.84613,6942
94.92969,6943
101.90187,6944
93.18567,6945
110.81696,6946
116.57407,6947
104.42644,6949
103.41389,6951
112.82892,6953
90.9341,6954
112.88973,6955
113.52434,6963
94.312904,6964
93.18024,6966
92.172806,6968
104.7737,6970
113.828064,6972
112.81039,6976
111.37891,6978
104.80479,6981
102.54821,6985
93.618546,6986
112.577034,6987
113.06149,6989
116.920265,6991
113.93837,6993
94.63737,6994
112.43831,6995
94.39577,6996
114.502335,6997
78.96422,6998
113.3636,7001
112.89106,7003
93.01588,7006
95.396576,7008
90.90348,7010
95.1486,7011
114.893074,7012
92.656555,7013
110.52953,7014
104.292656,7017
93.71078,7018
90.982155,7019
93.32266,7023
102.72215,7024
93.353966,7025
113.4174,7026
92.62515,7027
113.379425,7028
112.02599,7030
95.959724,7031
112.362885,7033
93.37353,7036
92.86237,7037
93.75966,7039
92.121895,7044
112.02538,7045
92.615685,7046
106.74663,7049
95.12996,7050
104.7737,7051
114.105354,7054
93.89698,7055
94.37218,7057
112.98023,7060
94.459274,7061
90.69814,7063
111.97078,7064
93.440735,7067
93.186295,7071
102.55608,7074
96.07518,7075
112.02538,7078
92.50328,7079
110.72772,7080
94.13308,7081
111.58835,7082
91.4085,7083
110.851,7085
104.75339,7092
97.32891,7094
94.75358,7100
111.985794,7101
111.37891,7102
112.5087,7104
94.459274,7105
93.314445,7106
101.80863,7107
77.88094,7108
93.710594,7109
111.903275,7110
94.51598,7112
104.7737,7113
95.511536,7114
111.30912,7116
93.97386,7117
104.50579,7118
92.69789,7120
104.66189,7121
104.44046,7123
92.55545,7124
104.552025,7127
104.44046,7131
95.807106,7132
90.69307,7133
111.25074,7134
92.587685,7135
114.06655,7136
93.365204,7137
95.73468,7141
104.75339,7144
112.48167,7147
92.27901,7148
94.02368,7150
92.69789,7151
101.62191,7152
93.67983,7154
92.85716,7156
103.85661,7157
116.75953,7159
93.895966,7161
93.7718,7163
103.745895,7164
78.11981,7167
105.52187,7169
93.11581,7170
94.823,7173
104.153046,7174
113.197464,7177
104.63689,7178
92.865814,7179
78.66765,7180
114.46514,7181
94.46793,7182
93.314445,7184
114.502335,7185
91.898224,7186
116.41624,7187
92.54773,7188
111.25408,7189
102.9301,7191
113.3636,7193
94.93097,7197
94.32466,7199
111.58835,7200
92.587685,7201
93.63713,7204
111.44417,7207
112.92034,7209
93.88329,7210
105.45558,7211
93.664154,7213
114.502335,7214
114.502335,7216
96.54681,7217
112.43831,7220
112.02599,7224
95.86848,7225
114.502335,7226
94.11233,7227
114.502335,7234
103.68253,7236
102.65814,7239
93.53495,7240
112.45512,7242
111.32276,7244
91.333725,7245
109.71113,7247
91.98119,7248
115.10012,7249
110.85912,7250
93.57609,7251
111.63081,7252
77.76267,7253
92.81135,7256
92.347534,7260
111.42047,7261
92.29497,7264
112.15448,7269
93.73327,7270
111.98521,7273
91.79259,7279
113.592224,7281
93.96035,7284
111.0829,7285
114.939384,7286
93.47535,7287
92.47751,7289
92.56375,7292
111.436455,7293
93.215775,7296
112.9922,7297
93.67713,7298
112.4498,7299
101.62749,7301
110.69067,7304
111.30479,7306
92.47751,7308
101.16809,7309
92.086494,7312
77.76267,7313
92.76949,7314
92.10713,7316
111.67101,7319
95.793304,7321
91.17747,7323
102.303566,7324
94.679016,7325
102.31692,7328
78.047485,7330
94.679016,7334
113.50731,7337
93.69088,7338
92.392525,7339
93.553505,7341
113.50731,7342
110.732544,7344
110.88657,7345
112.45215,7347
113.592224,7349
92.72019,7350
109.7304,7353
111.593285,7355
91.3114,7356
110.740295,7357
93.560295,7358
91.987946,7360
104.13368,7363
94.77728,7364
93.50617,7366
92.224655,7368
110.38301,7369
90.79862,7370
94.99075,7373
109.68575,7374
93.59454,7375
93.25538,7377
92.67659,7379
113.68206,7380
111.70193,7382
95.127914,7383
93.99759,7385
103.31977,7386
93.12754,7391
103.04875,7394
110.85912,7396
94.82685,7397
93.155075,7399
103.34265,7400
77.58145,7403
112.46232,7405
112.94217,7408
112.00889,7414
103.6612,7416
93.01256,7417
94.01061,7419
103.172966,7420
92.6082,7421
94.498055,7422
103.84564,7423
78.118065,7425
92.22257,7430
94.37146,7432
91.92074,7433
110.22584,7434
113.94809,7436
92.44386,7437
101.28991,7438
104.074905,7440
93.97534,7441
112.29994,7442
110.36395,7445
102.22206,7446
111.25834,7448
104.1027,7450
92.561485,7451
110.173515,7454
92.875175,7455
110.34091,7457
102.23864,7459
93.59025,7462
92.561485,7464
110.32076,7465
92.4125,7466
111.908226,7467
111.56591,7469
93.48374,7472
111.01265,7473
94.679016,7479
102.87853,7480
110.91107,7484
92.358315,7491
103.69686,7494
94.37078,7495
93.18911,7501
92.71504,7503
103.22579,7504
93.584,7505
111.05113,7508
91.215675,7509
77.76267,7510
112.15448,7511
94.554054,7515
102.81496,7516
92.54862,7517
104.31912,7518
92.925865,7519
94.37146,7521
101.457954,7522
102.76204,7524
102.232956,7526
92.435814,7527
101.34435,7528
92.79989,7529
111.01286,7534
110.45511,7537
92.08651,7538
95.44813,7540
111.64266,7541
113.591484,7545
112.41367,7551
92.44046,7553
102.0333,7554
94.70375,7555
111.878365,7561
93.20968,7562
93.44401,7564
104.074905,7565
91.87705,7566
112.630905,7567
101.24953,7569
93.18982,7570
113.56125,7571
93.29618,7572
102.012184,7574
112.18288,7578
93.004166,7579
92.2508,7586
77.41571,7587
92.051315,7590
111.01265,7593
94.88247,7594
91.87705,7595
92.45315,7600
77.134186,7601
90.64736,7602
110.75972,7603
91.796455,7604
92.527374,7606
112.41367,7608
77.957855,7613
111.22246,7615
113.1939,7616
111.13411,7617
92.435814,7618
103.22579,7619
93.33958,7622
101.207115,7623
94.83924,7624
102.48834,7625
93.00801,7626
101.223694,7627
78.16744,7628
102.50098,7631
103.22579,7632
93.60172,7633
111.20996,7634
94.21503,7635
113.50731,7636
113.50731,7637
91.78585,7639
78.15528,7640
110.99942,7644
90.592995,7645
103.22355,7648
94.40452,7649
114.02251,7650
110.32076,7652
93.75201,7653
92.52053,7655
111.224464,7659
92.495575,7662
93.154045,7664
91.399086,7666
93.647095,7668
111.31418,7669
93.05737,7670
94.07082,7672
110.36687,7673
92.60728,7678
79.01086,7679
105.08009,7680
91.240555,7683
114.939384,7685
92.87384,7688
113.1939,7690
93.46515,7692
92.60492,7693
113.50731,7695
94.3569,7696
93.689316,7698
112.80735,7699
92.570206,7702
113.50731,7703
94.2979,7704
112.15448,7707
78.64617,7713
102.31944,7715
110.37358,7717
93.76019,7718
102.2735,7719
111.45669,7721
92.6737,7722
102.24329,7725
102.332344,7727
78.21897,7730
90.47205,7733
100.91509,7735
113.50731,7740
111.72408,7741
90.39864,7742
110.06993,7744
94.120735,7747
77.99596,7750
109.53791,7752
110.57394,7754
102.6584,7756
91.36926,7757
102.42749,7758
104.75168,7760
92.4945,7761
110.748085,7763
94.69536,7765
113.50731,7767
92.4493,7768
93.17316,7771
92.843796,7773
110.47616,7774
104.5093,7776
93.332855,7779
92.42403,7783
102.48354,7786
93.46079,7787
92.87799,7789
92.06254,7791
94.03226,7793
111.59394,7794
92.062546,7795
77.69127,7799
111.65919,7800
95.346146,7802
109.61795,7805
100.92111,7807
94.28982,7808
102.55012,7811
112.865486,7817
102.89738,7818
93.1242,7819
92.527916,7822
111.0733,7823
111.284836,7825
92.4056,7828
92.50293,7832
77.40931,7833
110.989044,7834
93.23011,7835
91.850914,7837
92.52902,7840
93.48289,7842
110.19963,7843
92.456566,7844
92.4945,7846
93.4835,7850
111.10804,7853
112.08526,7855
94.090706,7858
109.81694,7863
111.10804,7865
90.4185,7866
92.724976,7868
109.65978,7869
77.52859,7871
100.69437,7872
101.48072,7874
109.740524,7877
90.74839,7878
111.06113,7879
90.95674,7881
93.55898,7883
102.25,7885
92.44046,7886
92.211845,7889
103.45906,7890
92.01347,7891
92.604935,7893
101.78745,7894
113.69409,7896
101.89748,7898
94.84473,7901
112.12373,7902
110.081436,7904
93.81681,7905
112.48665,7906
93.04022,7909
101.31239,7910
92.261536,7913
111.58945,7918
92.6384,7919
91.628586,7923
92.63545,7925
90.73536,7927
94.10434,7930
92.22927,7932
91.38456,7933
92.040016,7935
102.367805,7939
94.3017,7942
111.146164,7943
104.3526,7945
92.224655,7946
94.60851,7948
110.684235,7949
90.43574,7950
113.50731,7951
100.66237,7955
94.93268,7959
113.50731,7960
93.58579,7961
103.02304,7962
102.70011,7964
93.311485,7965
110.671005,7966
103.35522,7967
93.92993,7968
103.448235,7971
92.6384,7974
102.47017,7976
111.3315,7978
113.50731,7982
93.04022,7983
102.87707,7984
91.96089,7986
110.684235,7989
112.12373,7991
109.20576,7992
92.06329,7993
110.82881,7994
92.50293,7995
93.25094,7997
102.87707,7998
112.865486,7999
92.18674,8002
93.97639,8007
94.26878,8009
95.11928,8011
92.84373,8013
102.07849,8015
110.35724,8017
114.61097,8019
94.38879,8023
113.50731,8024
109.80681,8026
92.51955,8027
92.85129,8029
111.38672,8030
95.37017,8031
93.46527,8033
94.32059,8035
101.676285,8036
103.31115,8039
91.20093,8042
92.64809,8044
77.72617,8046
110.55877,8048
93.81681,8049
102.84865,8050
93.897224,8053
92.00524,8054
92.554375,8059
90.71977,8061
111.35986,8062
111.20783,8064
102.35973,8066
92.822075,8067
93.83739,8068
94.33731,8070
110.671005,8071
92.62364,8072
91.61565,8076
94.63083,8080
112.063484,8081
93.38077,8084
111.08359,8087
91.80533,8089
113.353645,8090
102.438354,8091
111.57333,8094
92.51043,8100
92.416466,8101
93.28863,8110
112.12373,8111
94.70375,8112
110.02397,8115
94.76872,8116
111.20783,8118
114.38482,8121
110.40113,8125
111.177536,8127
90.74045,8128
112.28447,8129
92.71087,8131
92.22461,8138
101.45122,8139
92.968254,8140
92.843796,8141
112.16406,8142
111.84619,8143
109.80681,8145
92.130264,8146
111.68047,8148
111.54995,8153
91.816765,8154
110.17177,8155
94.3749,8161
112.17787,8162
91.215675,8163
111.358315,8166
111.02868,8168
89.966934,8170
112.05535,8172
89.69839,8173
102.95691,8176
89.73576,8179
90.61653,8181
113.95588,8182
111.56679,8184
104.873764,8190
89.44072,8191
109.40793,8194
112.17098,8196
111.52238,8198
111.43842,8199
110.248856,8201
91.17307,8202
91.857506,8207
113.42841,8208
111.16673,8211
114.014595,8214
89.985275,8217
114.13116,8218
89.19808,8222
102.59746,8229
92.26871,8231
89.712685,8233
91.28324,8236
113.23339,8238
102.758,8240
104.5262,8243
109.21425,8246
89.86341,8250
90.95656,8254
78.18839,8256
110.44405,8257
89.45338,8258
93.988,8260
112.834175,8261
113.42969,8263
88.85751,8264
109.7973,8267
90.79145,8268
90.67841,8271
113.42841,8272
89.294975,8275
89.39634,8276
102.9463,8277
116.82069,8278
94.466484,8279
109.50308,8280
90.96999,8281
110.276245,8282
112.27386,8287
89.69839,8288
110.936264,8289
94.14926,8294
94.09834,8296
112.02341,8299
103.93005,8302
112.22417,8308
105.10646,8314
89.93743,8315
114.12611,8316
91.1097,8317
112.42442,8319
90.088234,8320
116.66644,8321
90.809525,8323
95.76836,8325
110.98826,8326
113.26768,8328
112.78274,8330
92.523766,8331
111.86493,8332
89.55183,8334
89.27364,8338
96.11632,8339
92.95034,8341
112.27473,8345
90.61653,8346
102.72014,8347
90.565895,8349
95.74652,8351
114.24879,8352
113.26768,8353
111.68509,8355
112.708336,8358
110.67189,8359
92.11453,8360
114.03296,8361
103.97675,8363
90.91572,8364
92.4215,8365
104.83816,8366
109.74348,8370
92.14131,8372
90.377045,8376
110.76988,8377
109.49283,8379
90.780975,8380
110.19459,8381
89.40909,8386
102.391914,8388
91.352196,8389
110.14798,8391
90.95656,8394
104.665596,8396
104.2845,8398
110.78673,8400
92.48207,8401
92.95034,8404
91.5493,8407
113.62648,8408
111.267654,8409
103.56161,8410
90.23955,8411
88.39137,8413
112.263374,8414
91.15246,8416
